Journal,Impact Factor
ACAD MANAG ANN,11.115
ACAD MANAG LEARN EDU,2.426
ACAD MANAGE J,7.417
ACAD MANAGE PERSPECT,4.943
ACAD MANAGE REV,9.408
ACAD-REV LATINOAM AD,0.237
ACCIDENT ANAL PREV,2.685
ACCOUNT AUDIT ACCOUN,2.732
ACCOUNT FINANC,1.396
ACCOUNT ORG SOC,2.158
ACM COMPUT SURV,6.748
ACM T COMPUT-HUM INT,2.227
ACM T DATABASE SYST,1.517
ACM T INFORM SYST,2.312
ACM T INTEL SYST TEC,3.196
ACT LEARN HIGH EDUC,1.258
ACTA PSYCHIAT SCAND,6.79
ACTA PSYCHOL,2.031
ACTA SOCIOL,1.225
ADDICT BEHAV,2.944
ADDICT RES THEORY,1.324
ADDICTION,5.789
ADICCIONES,2.077
ADM POLICY MENT HLTH,2.616
ADMIN SCI QUART,4.929
ADULT EDUC QUART,0.919
ADV DATA ANAL CLASSI,2.326
ADV EXP SOC PSYCHOL,5.65
ADV HEALTH SCI EDUC,1.852
ADV MECH ENG,0.827
ADV NURS SCI,0.683
AFFILIA J WOM SOC WO,0.707
AFR J LIBR ARCH INFO,0.179
AGEING SOC,1.386
AGGRESS VIOLENT BEH,1.928
AGGRESSIVE BEHAV,2.747
AGING MENT HEALTH,2.658
AGING NEUROPSYCHOL C,1.763
AGR SYST,2.571
AI MAG,0.812
AIDS BEHAV,2.916
AIDS CARE,1.824
AIDS EDUC PREV,1.671
ALCOHOL ALCOHOLISM,2.757
AM ANN DEAF,1.024
AM ANTHROPOL,1.58
AM BEHAV SCI,1.311
AM ECON J-MICROECON,1.446
AM ECON REV,4.026
AM EDUC RES J,2.931
AM J ADDICTION,1.873
AM J AGR ECON,1.829
AM J COMMUN PSYCHOL,2.108
AM J DRUG ALCOHOL AB,2.161
AM J FAM THER,0.500
AM J FAM THER,0.5
AM J HEALTH BEHAV,1.479
AM J HEALTH PROMOT,2.586
AM J MENS HEALTH,2.141
AM J NURS,1.663
AM J OCCUP THER,2.053
AM J ORTHOPSYCHIAT,1.692
AM J POLIT SCI,5.044
AM J PSYCHIAT,14.176
AM J PSYCHOL,0.629
AM J PUBLIC HEALTH,3.858
AM J SOCIOL,3.088
AM POLIT RES,0.888
AM POLIT SCI REV,3.316
AM PSYCHOL,6.681
AM REV PUBLIC ADM,1.438
AM SOCIOL REV,4.4
AMFITEATRU ECON,0.581
AN PSICOL-SPAIN,0.871
ANN AM ACAD POLIT SS,2.118
ANN BEHAV MED,2.976
ANN CLIN PSYCHIATRY,1.767
ANN EMERG MED,5.352
ANN GEN PSYCHIATR,1.405
ANN INTERN MED,17.202
ANN NY ACAD SCI,4.706
ANN OPER RES,1.709
ANN PSYCHOL,0.358
ANN TOURISM RES,3.194
ANNU REV ANTHROPOL,2.413
ANNU REV CLIN PSYCHO,12.136
ANNU REV ORGAN PSYCH,7.644
ANNU REV POLIT SCI,2.804
ANNU REV PSYCHOL,19.95
ANNU REV PUBL HEALTH,10.228
ANNU REV SOCIOL,5.404
ANXIETY STRESS COPIN,2.042
APPL CLIN INFORM,1.496
APPL COGNITIVE PSYCH,1.633
APPL ECON LETT,0.478
APPL ENERG,7.182
APPL ERGON,1.866
APPL GEOGR,2.687
APPL LINGUIST,3.593
APPL MEAS EDUC,0.75
APPL NURS RES,1.379
APPL PSYCH MEAS,0.885
APPL PSYCHOL-INT REV,1.865
APPL PSYCHOPHYS BIOF,1.017
APPL RES QUAL LIFE,1.286
APPL SOFT COMPUT,3.541
ARCH CLIN NEUROPSYCH,2.044
ARCH PSYCHIAT NURS,1.201
ARCH SEX BEHAV,2.720
ARCH SEX BEHAV,2.72
ARCH SUICIDE RES,1.901
ARTIF INTELL REV,2.627
ASIA PAC BUS REV,1
ASIA PAC EDUC REV,0.366
ASIA PAC J MANAG,2.024
ASIA PAC J TOUR RES,1.051
ASIAN J COMMUN,0.638
ASIAN J SOC PSYCHOL,1
ASIAN J TECHNOL INNO,0.698
ASIAN PAC MIGR J,0.357
ASIA-PAC EDUC RES,0.576
ASIA-PAC J TEACH EDU,0.964
ASIA-PAC PSYCHIAT,0.954
ASLIB J INFORM MANAG,1.514
ASSESS EVAL HIGH EDU,1.391
ASSESSMENT,3.062
ASSIST TECHNOL,1.037
ATTACH HUM DEV,2.042
ATTEN PERCEPT PSYCHO,1.863
AUGMENT ALTERN COMM,2.388
AUST J GUID COUNS,0.778
AUST J MANAGE,1.483
AUST J PSYCHOL,1.309
AUST NZ J PSYCHIAT,4.036
AUST NZ J PUBL HEAL,1.69
AUSTRALAS J EDUC TEC,0.853
AUTISM,3.684
AUTISM RES,3.765
AUTOMAT CONSTR,2.919
BALT J MANAG,0.761
BASIC APPL SOC PSYCH,1.818
BEHAV ANALYST,0.971
BEHAV BRAIN SCI,14.2
BEHAV COGN PSYCHOTH,1.697
BEHAV DISORDERS,0.972
BEHAV INFORM TECHNOL,1.388
BEHAV MODIF,1.455
BEHAV PROCESS,1.746
BEHAV PSYCHOL,1.000
BEHAV RES METHODS,3.623
BEHAV RES THER,4.064
BEHAV THER,3.434
BILIG,0.098
BIOL PSYCHOL,3.07
BIOMETRICS,1.329
BIOMETRIKA,1.448
BIOSCIENCE,5.378
BIOSOCIETIES,2.162
BMC FAM PRACT,1.751
BMC GERIATR,2.611
BMC HEALTH SERV RES,1.827
BMC MED EDUC,1.572
BMC MED INFORM DECIS,1.643
BMC MED RES METHODOL,3.295
BMC PUBLIC HEALTH,2.265
BMJ OPEN,2.369
BODY IMAGE,2.926
BRAIN COGNITION,2.432
BRAIN INJURY,1.971
BRIT ACCOUNT REV,2.135
BRIT EDUC RES J,1.214
BRIT FOOD J,1.206
BRIT J CLIN PSYCHOL,3
BRIT J DEV PSYCHOL,1.712
BRIT J EDUC PSYCHOL,2.403
BRIT J EDUC TECHNOL,2.410
BRIT J EDUC TECHNOL,2.41
BRIT J GUID COUNS,0.628
BRIT J HEALTH PSYCH,2.551
BRIT J MANAGE,2.982
BRIT J MATH STAT PSY,3.51
BRIT J PSYCHIAT,6.347
BRIT J PSYCHOL,3.139
BRIT J SOC PSYCHOL,1.692
BRIT J SOCIOL,1.594
BROOKINGS PAP ECO AC,1.593
BUS HORIZONS,2.157
BUS INFORM SYST ENG+,3.392
BUS SOC,3.298
CALIF LAW REV,2.606
CALIF MANAGE REV,2.943
CAN J ADM SCI,0.268
CAN J AGING,0.734
CAN J BEHAV SCI,0.404
CAN J EXP PSYCHOL,1.055
CAN J INFORM LIB SCI,0.111
CAN J PSYCHIAT,3.420
CAN J PSYCHIAT,3.42
CAN J PUBLIC HEALTH,1.343
CAN J SOCIOL,0.341
CAN PSYCHOL,1.429
CAN PUBLIC ADMIN,0.333
CAREER DEV INT,1.038
CHEM EDUC RES PRACT,1.906
CHILD ABUSE NEGLECT,2.293
CHILD ABUSE REV,1.543
CHILD ADOL PSYCH CL,2.479
CHILD ADOL PSYCH MEN,1.538
CHILD CARE HLTH DEV,1.445
CHILD DEV,4.195
CHILD DEV PERSPECT,3.911
CHILD HEALTH CARE,0.4
CHILD INDIC RES,1.194
CHILD PSYCHIAT HUM D,2.012
CHILD SOC,0.802
CHILD YOUTH CARE FOR,1.054
CHILD YOUTH SERV REV,1.226
CHIN J COMMUN,0.562
CHIN MANAG STUD,0.394
CHINA COMMUN,0.903
CIN-COMPUT INFORM NU,1.301
CITIES,2.449
CLIN CHILD FAM PSYCH,4.171
CLIN NEUROPSYCHOL,1.564
CLIN PSYCHOL PSYCHOT,1.933
CLIN PSYCHOL REV,8.897
CLIN PSYCHOL-SCI PR,2.38
CLIN PSYCHOL-UK,1.037
CLOTH TEXT RES J,0.85
CLOTH TEXT RES J,0.850
CLUSTER COMPUT,2.040
COGN AFFECT BEHAV NE,3.263
COGN BEHAV THERAPY,2.264
COGN LINGUIST,2.135
COGN PROCESS,0.974
COGN SYST RES,1.182
COGN TECHNOL WORK,1.105
COGNITION,3.414
COGNITION EMOTION,2.688
COGNITION INSTRUCT,1.217
COGNITIVE DEV,1.444
COGNITIVE PSYCHOL,3.719
COGNITIVE SCI,2.917
COGNITIVE THER RES,2.313
COLL RES LIBR,1.515
COLUMBIA LAW REV,3.775
COMMUN ACM,4.027
COMMUN CRIT-CULT STU,0.767
COMMUN MONOGR,1.738
COMMUN RES,3.021
COMMUN THEOR,2.773
COMMUNICATIONS-GER,0.933
COMMUNITY MENT HLT J,1.154
COMPR PSYCHIAT,2.194
COMPUT APPL ENG EDUC,0.694
COMPUT ASSIST LANG L,2.121
COMPUT COMMUN,3.338
COMPUT EDUC,3.819
COMPUT ELECTR ENG,1.570
COMPUT HUM BEHAV,3.435
COMPUT IND,2.691
COMPUT IND ENG,2.623
COMPUT LAW SECUR REV,0.938
COMPUT LINGUIST,2.528
COMPUT MATH ORGAN TH,0.769
COMPUT METH PROG BIO,2.503
COMPUT OPER RES,2.6
COMPUT SCI INF SYST,0.837
COMPUT SECUR,2.849
COMPUT STAND INTER,1.633
COMPUT SYST SCI ENG,0.348
COMPUTATION STAT,0.434
COMPUTER,1.755
COMPUTING,1.589
COMUNICAR,2.212
CONSCIOUS COGN,2.144
CONSUMP MARK CULT,1.585
CONTEMP EDUC PSYCHOL,2.877
CONTINUUM-J MEDIA CU,0.468
CONVERGENCE-US,0.950
CONVERGENCE-US,0.95
CORNELL HOSP Q,2.657
COUNS PSYCHOL,1.181
CREAT INNOV MANAG,1.423
CREATIVITY RES J,1.216
CRIM JUSTICE BEHAV,2.099
CRIME DELINQUENCY,1.861
CRIMINOLOGY,5.019
CRISIS,1.440
CRISIS,1.44
CROAT J EDUC,0.126
CROSS CULT MANAG,1.08
CROSS-CULT RES,0.851
CULT DIVERS ETHN MIN,2.04
CULT HEALTH SEX,1.951
CULT ORGAN,0.489
CULT PSYCHOL,0.828
CURR ANTHROPOL,1.925
CURR DIR PSYCHOL SCI,5.255
CURR ISSUES TOUR,2.451
CURR OPIN PSYCHIATR,4.02
CURR PSYCHIAT REP,3.746
CURR PSYCHOL,0.953
CYBERPSYCH BEH SOC N,2.571
DAEDALUS-US,0.941
DATA BASE ADV INF SY,0.458
DATA KNOWL ENG,1.694
DEATH STUD,1.16
DECIS ANAL,1.242
DECIS SUPPORT SYST,3.222
DECISION SCI,1.595
DEMOGRAPHY,2.802
DEPRESS ANXIETY,4.971
DESIGN STUD,2.415
DEV NEUROPSYCHOL,1.813
DEV PSYCHOL,3.228
DEV PSYCHOPATHOL,3.244
DEV REV,4.638
DEVELOPMENTAL SCI,4.604
DEVIANT BEHAV,1.052
DIAGNOSTICA,1.059
DISABIL HEALTH J,1.858
DISABIL REHABIL,1.804
DISASTER PREV MANAG,0.963
DISASTERS,1.255
DISCOURSE CONTEXT ME,1.000
DISCOURSE CONTEXT ME,1
DISCOURSE PROCESS,2.074
DISCOURSE SOC,1.029
DISCOURSE STUD,0.833
DISCRETE DYN NAT SOC,0.711
DISPLAYS,1.526
DISTANCE EDUC,1.592
DRUG ALCOHOL DEPEN,3.222
DRUG ALCOHOL REV,2.822
DRUS ISTRAZ,0.204
DYNA-BILBAO,0.541
E M EKON MANAG,1.163
EARLY CHILD RES Q,2.436
EAT BEHAV,2.258
ECOL FOOD NUTR,0.922
ECON IND DEMOCRACY,1.156
ECON INQ,0.922
ECON J,2.608
ECON LETT,0.558
ECON MODEL,1.463
ECON RES-EKON ISTRAZ,0.742
ECONOMETRICA,3.379
EDUC ADMIN QUART,1.294
EDUC ASSESS EVAL ACC,0.706
EDUC GERONTOL,0.674
EDUC LEADERSHIP,0.194
EDUC MEAS-ISSUES PRA,1.419
EDUC PSYCHOL MEAS,1.548
EDUC PSYCHOL REV,4.333
EDUC PSYCHOL-UK,1.310
EDUC PSYCHOL-UK,1.31
EDUC PSYCHOL-US,6.257
EDUC RES REV-NETH,3.839
EDUC RESEARCHER,3.827
EDUC RES-UK,0.909
EDUC REV,1.464
EDUC SCI-THEOR PRACT,0.410
EDUC SCI-THEOR PRACT,0.41
EDUC STUD MATH,0.959
EDUC STUD-UK,0.581
EDUC TECHNOL SOC,1.584
EDUC TREAT CHILD,0.571
EDUC XX1,1.094
EGIT BILIM,0.264
EGYPT J BIOL PEST CO,0.184
ELECTR POW SYST RES,2.688
ELECTRON COMMER R A,1.954
ELECTRON COMMER RES,1.320
ELECTRON COMMER RES,1.32
ELECTRON LIBR,0.484
ELECTRON MARK,1.864
ELEM SCHOOL J,1.151
ELT J,1.125
EMOT REV,2.591
EMOTION,3.251
EMPIR SOFTW ENG,3.275
EMPL RELAT,0.864
ENERG EFFIC,1.186
ENERG POLICY,4.140
ENERG POLICY,4.14
ENERGIES,2.262
ENERGY,4.52
ENG MANAG J,0.548
ENG STUD,0.234
ENTERP INF SYST-UK,1.908
ENTREP REGION DEV,1.776
ENTREP THEORY PRACT,4.916
ENVIRON BEHAV,3.378
ENVIRON EARTH SCI,1.569
ENVIRON IMPACT ASSES,3.094
ENVIRON MANAGE,1.878
ENVIRON MODELL SOFTW,4.404
ENVIRON MONIT ASSESS,1.687
ENVIRON PLANN A,1.389
ENVIRON PLANN B,1.527
ENVIRON RESOUR ECON,1.582
ENVIRONMENT,1.852
EPIDEMIOL PSYCH SCI,4.246
EPJ DATA SCI,2.787
ERGONOMICS,1.818
ETHICS INF TECHNOL,1.500
ETHICS INF TECHNOL,1.5
ETHOS,0.881
ETR&D-EDUC TECH RES,0.725
EUR ADDICT RES,2.592
EUR CHILD ADOLES PSY,3.295
EUR EAT DISORD REV,3.391
EUR ECON REV,1.259
EUR J AGEING,1.177
EUR J COMMUN,1.408
EUR J CRIM POLICY RE,1.000
EUR J CRIMINOL,1.359
EUR J DEV PSYCHOL,1.302
EUR J DEV RES,1.110
EUR J IND ENG,0.775
EUR J INFORM SYST,2.819
EUR J MARKETING,1.333
EUR J OPER RES,3.297
EUR J PERSONALITY,3.707
EUR J PSYCHIAT,0.426
EUR J PSYCHOL APPL L,2.286
EUR J PSYCHOL ASSESS,2.328
EUR J PSYCHOL EDUC,1.556
EUR J PUBLIC HEALTH,2.431
EUR J SOC PSYCHOL,1.973
EUR J SPEC NEEDS EDU,0.605
EUR J TEACH EDUC,0.695
EUR J WORK ORGAN PSY,2.300
EUR J WORK ORGAN PSY,2.3
EUR MANAG J,2.481
EUR MANAG REV,1.333
EUR PHYS EDUC REV,1.921
EUR PSYCHIAT,3.123
EUR PSYCHOL,3.419
EUR REV,0.281
EUR REV APPL PSYCHOL,0.667
EUR REV SOC PSYCHOL,1.389
EUR SOCIOL REV,2.062
EUR SPORT MANAG Q,1.778
EUR UNION POLIT,2.052
EURASIA J MATH SCI T,0.903
EVAL HEALTH PROF,1.306
EVAL PROGRAM PLANN,1.137
EVALUATION REV,1.293
EVOL ANTHROPOL,3.733
EVOL HUM BEHAV,3.383
EXCEPT CHILDREN,2.296
EXP CLIN PSYCHOPHARM,2.186
EXP ECON,2.391
EXP PSYCHOL,1.829
EXPERT SYST,1.180
EXPERT SYST APPL,3.928
FAM BUS REV,4.229
FAM COMMUNITY HEALTH,1.017
FAM RELAT,1.426
FEM PSYCHOL,0.757
FEM THEOR,1.114
FIELD METHOD,1.346
FOOD QUAL PREFER,3.199
FORBES,2.151
FOREIGN LANG ANN,0.756
FOREIGN POL ANAL-US,0.841
FOREST POLICY ECON,1.982
FOREST PROD J,0.614
FRONT BEHAV NEUROSCI,3.104
FRONT PSYCHIATRY,3.532
FRONT PSYCHOL,2.321
FUTURE CHILD,2.583
FUTURE GENER COMP SY,3.997
GAME ECON BEHAV,0.904
GAMES CULT,1.109
GAMES HEALTH J,2.019
GEN HOSP PSYCHIAT,2.279
GENDER PLACE CULT,1.605
GENDER WORK ORGAN,1.548
GER J AGR ECON,0.592
GERIATR NURS,1.142
GERONTOLOGIST,3.505
GERONTOLOGY,4.252
GIFTED CHILD QUART,1.372
GOV INFORM Q,4.090
GOV INFORM Q,4.09
GROUP DECIS NEGOT,1.688
GROUP DYN-THEOR RES,1.073
GROUP ORGAN MANAGE,1.846
GROUP PROCESS INTERG,1.743
HARVARD BUS REV,3.227
HARVARD EDUC REV,2.674
HARVARD REV PSYCHIAT,2.986
HEALTH AFFAIR,4.98
HEALTH CARE MANAGE R,1.921
HEALTH COMMUN,1.487
HEALTH EDUC BEHAV,1.808
HEALTH EDUC J,0.845
HEALTH EDUC RES,1.816
HEALTH EXPECT,1.669
HEALTH INF MANAG J,0.778
HEALTH INFORM J,3.021
HEALTH POLICY,2.119
HEALTH POLICY TECHN,1.167
HEALTH PROMOT INT,1.722
HEALTH PROMOT J AUST,1.097
HEALTH PSYCHOL,3.458
HEALTH PSYCHOL REV,7.241
HEALTH QUAL LIFE OUT,2.143
HEALTH RISK SOC,2.262
HEALTH SERV RES,3.089
HEALTH SOC CARE COMM,2.047
HIGH EDUC,1.571
HIGH EDUC RES DEV,1.206
HUM BRAIN MAPP,4.53
HUM COMMUN RES,1.549
HUM DEV,2.517
HUM FACTOR ERGON MAN,0.761
HUM FACTORS,2.219
HUM MOVEMENT SCI,1.841
HUM NATURE-INT BIOS,2.661
HUM ORGAN,1.304
HUM PERFORM,1.302
HUM RELAT,2.622
HUM RESOUR DEV Q,2.441
HUM RESOUR DEV REV,1.795
HUM RESOUR MANAG J,2.147
HUM RESOUR MANAGE R,2.368
HUM RESOUR MANAGE-US,1.817
HUM STUD,0.592
HUM-COMPUT INTERACT,4.667
HUMOR,0.655
IEEE ACCESS,3.244
IEEE ANN HIST COMPUT,0.933
IEEE COMMUN SURV TUT,17.188
IEEE COMPUT INTELL M,6.343
IEEE INTELL SYST,2.374
IEEE INTERNET COMPUT,1.521
IEEE LAT AM T,0.631
IEEE PERVAS COMPUT,3.25
IEEE SECUR PRIV,1.382
IEEE SOFTWARE,2.190
IEEE SOFTWARE,2.19
IEEE T COMP INTEL AI,1.113
IEEE T DEPEND SECURE,2.926
IEEE T EDUC,1.727
IEEE T ENG MANAGE,1.188
IEEE T HUM-MACH SYST,2.493
IEEE T KNOWL DATA EN,3.438
IEEE T LEARN TECHNOL,2.267
IEEE T PARALL DISTR,4.181
IEEE T PROF COMMUN,2.184
IEEE T SOFTWARE ENG,3.272
IEEE T SYST MAN CY-S,2.35
IEEE T VIS COMPUT GR,2.840
IEEE TECHNOL SOC MAG,0.943
IEICE T INF SYST,0.411
IET SOFTW,0.733
IFOREST,1.623
IIE TRANS,1.451
ILR REV,1.419
IMPLEMENT SCI,3.354
IND CORP CHANGE,1.777
IND MANAGE DATA SYST,2.205
IND MARKET MANAG,3.166
IND ORGAN PSYCHOL-US,1.747
IND RELAT,1.647
INDIAN J PSYCHIAT,0.810
INDIANA LAW J,1.090
INF ECON POLICY,0.739
INF SYST E-BUS MANAG,1.723
INFORM COMMUN SOC,2.692
INFORM DEV,1.691
INFORM HEALTH SOC CA,1.381
INFORM MANAGE-AMSTER,3.317
INFORM ORGAN-UK,2.083
INFORM PROCESS MANAG,2.391
INFORM RES,0.574
INFORM SCIENCES,4.832
INFORM SOC,1.558
INFORM SOFTWARE TECH,2.694
INFORM SYST,2.777
INFORM SYST FRONT,2.521
INFORM SYST J,4.122
INFORM SYST MANAGE,1.298
INFORM SYST RES,2.763
INFORM TECHNOL DEV,1.333
INFORM TECHNOL LIBR,1.029
INFORM TECHNOL MANAG,1.067
INFORM TECHNOL PEOPL,1.339
INFORMS J COMPUT,1.173
INJURY PREV,1.482
INNOV EDUC TEACH INT,0.667
INNOVATION-ABINGDON,0.811
INNOV-MANAG POLICY P,0.950
INSTR SCI,1.690
INSTR SCI,1.69
INT ARAB J INF TECHN,0.724
INT BUS REV,2.476
INT COMMUN GAZ,0.622
INT ENTREP MANAG J,1.312
INT GAMBL STUD,1.439
INT J ACCOUNT INF SY,1.056
INT J ADV MANUF TECH,2.209
INT J ADVERT,2.451
INT J AGING HUM DEV,0.662
INT J AVIAT PSYCHOL,0.95
INT J BEHAV DEV,1.850
INT J BEHAV DEV,1.85
INT J BEHAV MED,1.846
INT J BILING EDUC BI,1.373
INT J BILINGUAL,0.974
INT J CLIN HLTH PSYC,2.567
INT J COMMUN SYST,1.066
INT J COMMUN-US,1.498
INT J COMP SOCIOL,0.829
INT J COMP-SUPP COLL,3.469
INT J COMPUT INT SYS,1.140
INT J COMPUT VISION,8.222
INT J CONFL MANAGE,0.786
INT J CONFL VIOLENCE,0.259
INT J CONSUM STUD,1.510
INT J CONSUM STUD,1.51
INT J CONTEMP HOSP M,3.196
INT J COOP INF SYST,1.000
INT J CRIT INFR PROT,1.500
INT J DES,1.037
INT J DISAST RISK RE,1.603
INT J EAT DISORDER,3.567
INT J EDUC RES,0.930
INT J EDUC RES,0.93
INT J EDUC VOCAT GUI,0.618
INT J ELECTRON COMM,3.900
INT J ELECTRON COMM,3.9
INT J ENG EDUC,0.609
INT J ENV RES PUB HE,2.101
INT J FORECASTING,2.642
INT J GAME THEORY,0.713
INT J GEN SYST,2.490
INT J GEOGR INF SCI,2.502
INT J GERIATR PSYCH,3.018
INT J HOSP MANAG,2.787
INT J HUM RESOUR MAN,1.650
INT J HUM RESOUR MAN,1.65
INT J HUM-COMPUT INT,1.118
INT J HUM-COMPUT ST,2.863
INT J INCLUSIVE EDUC,0.844
INT J IND ERGONOM,1.415
INT J IND ORGAN,0.795
INT J INF TECH DECIS,1.664
INT J INFORM MANAGE,3.872
INT J INTELL SYST,2.929
INT J INTERCULT REL,1.183
INT J LANG COMM DIS,2.195
INT J LAW CRIME JUST,0.407
INT J LOGIST MANAG,1.610
INT J LOGIST-RES APP,1.018
INT J MANAG REV,5.578
INT J MANPOWER,0.641
INT J MARKET RES,0.921
INT J MED INFORM,3.210
INT J MED INFORM,3.21
INT J MENT HEALTH AD,1.179
INT J MENT HEALTH NU,1.869
INT J METH PSYCH RES,3.176
INT J NURS STUD,3.755
INT J OFFENDER THER,1.112
INT J OPER PROD MAN,3.339
INT J PHYS DISTR LOG,2.577
INT J PRESS/POLIT,1.523
INT J PROD ECON,3.493
INT J PROD RES,2.325
INT J PROJ MANAG,4.034
INT J PSYCHOL,1.778
INT J PSYCHOPHYSIOL,2.582
INT J PUBLIC HEALTH,2.327
INT J PUBLIC OPIN R,1.254
INT J QUAL HEALTH C,2.342
INT J QUAL METH,0.641
INT J RES MARK,1.775
INT J SCI EDUC,1.240
INT J SCI EDUC,1.24
INT J SCI MATH EDUC,1.474
INT J SELECT ASSESS,0.859
INT J SHIP TRANS LOG,0.609
INT J SOC PSYCHIATR,1.38
INT J SOC RES METHOD,1.396
INT J SOC ROBOT,2.559
INT J STRESS MANAGE,1.632
INT J SUST HIGHER ED,1.123
INT J TECHNOL MANAGE,1.036
INT J TOUR RES,1.857
INT J URBAN REGIONAL,2.181
INT MARKET REV,1.672
INT PSYCHOGERIATR,2.423
INT REV FINANC ANAL,1.457
INT REV RES OPEN DIS,1.734
INT SMALL BUS J,3.677
INT STAT REV,1.780
INTEGR PSYCHOL BEHAV,1.101
INTELLIGENCE,2.982
INTERACT COMPUT,1.410
INTERACT COMPUT,1.41
INTERACT LEARN ENVIR,1.674
INTERACT STUD,0.958
INTERFACES,0.579
INTERNET HIGH EDUC,4.238
INTERNET RES,2.931
INZ EKON,0.726
I-PERCEPTION,1.051
IRAN J PUBLIC HEALTH,0.768
IRBM,0.770
ISR J HEALTH POLICY,1.362
ISR J PSYCHIATR REL,0.62
ISSUES MENT HEALTH N,0.867
IT PROF,1.661
J ABNORM CHILD PSYCH,3.615
J ABNORM PSYCHOL,4.133
J ACAD LIBR,1.287
J ACAD MARKET SCI,5.888
J ACAD NUTR DIET,3.399
J ACCOUNT PUBLIC POL,1.333
J ACCOUNT RES,3
J ADDICT NURS,0.400
J ADOLESCENCE,1.795
J ADOLESCENT HEALTH,3.974
J ADOLESCENT RES,1.433
J ADULT DEV,0.762
J ADV NURS,1.998
J ADVERTISING,2.896
J ADVERTISING RES,2.034
J AFFECT DISORDERS,3.432
J AGGRESS MALTREAT T,0.547
J AGING HEALTH,2.168
J AGING STUD,1.248
J AGR ENVIRON ETHIC,1.162
J AIR TRANSP MANAG,2.357
J AM ACAD CHILD PSY,6.442
J AM COLL HEALTH,1.556
J AM GERIATR SOC,4.388
J AM MED INFORM ASSN,3.698
J AM STAT ASSOC,2.016
J ANXIETY DISORD,3.105
J APPL BEHAV ANAL,0.914
J APPL COMMUN RES,0.308
J APPL DEV PSYCHOL,2.146
J APPL GERONTOL,1.638
J APPL PSYCHOL,4.130
J APPL PSYCHOL,4.13
J APPL SOC PSYCHOL,1.231
J APPL SPORT PSYCHOL,1.4
J ASSOC INF SCI TECH,2.322
J ASSOC INF SYST,2.109
J ATTEN DISORD,3.378
J AUTISM DEV DISORD,3.321
J BALT SCI EDUC,0.508
J BEHAV ADDICT,4.134
J BEHAV DECIS MAKING,1.738
J BEHAV HEALTH SER R,2.024
J BEHAV MED,2.5
J BEHAV THER EXP PSY,2.517
J BIOMED INFORM,2.753
J BLACK PSYCHOL,1.66
J BLACK STUD,0.421
J BROADCAST ELECTRON,1.311
J BUS ECON MANAG,0.968
J BUS ETHICS,2.354
J BUS IND MARK,1.371
J BUS LOGIST,2.878
J BUS PSYCHOL,2.694
J BUS RES,3.354
J BUS TECH COMMUN,1.062
J BUS VENTURING,5.774
J BUS-BUS MARK,1.312
J CANCER SURVIV,3.051
J CAREER ASSESSMENT,1.33
J CHILD ADOLES SUBST,0.506
J CHILD FAM STUD,1.386
J CHILD PSYCHOL PSYC,6.226
J CHOICE MODEL,1.162
J CIV ENG MANAG,1.546
J CLEAN PROD,5.715
J CLIN CHILD ADOLESC,4.396
J CLIN EXP NEUROPSYC,1.839
J CLIN NURS,1.214
J CLIN PSYCHIAT,5.291
J CLIN PSYCHOL,2.123
J COGN DEV,1.621
J COGN PSYCHOL,1.503
J COGNITIVE NEUROSCI,3.108
J COLL STUDENT DEV,0.623
J COMMUN,3.914
J COMMUN HEALTH,1.388
J COMMUNITY APPL SOC,1.133
J COMMUNITY PSYCHOL,0.86
J COMP PSYCHOL,2.268
J COMPUT ASSIST LEAR,1.253
J COMPUT HIGH EDUC,1.440
J COMPUT HIGH EDUC,1.44
J COMPUT INFORM SYST,0.675
J COMPUT SCI-NETH,1.748
J COMPUT-MEDIAT COMM,4.113
J CONFLICT RESOLUT,2.947
J CONSTR ENG M,1.735
J CONSULT CLIN PSYCH,4.593
J CONSUM AFF,1.26
J CONSUM BEHAV,1.481
J CONSUM CULT,3.579
J CONSUM PSYCHOL,3.385
J CONSUM RES,3.800
J CONSUM RES,3.8
J CONTEMP CRIM JUST,0.913
J CONTIN EDUC NURS,0.880
J CONTING CRISIS MAN,1.373
J COUNS DEV,1.216
J COUNS PSYCHOL,2.516
J CREATIVE BEHAV,1.853
J CRIM JUST,2.339
J CRIM LAW CRIM,0.919
J CROSS CULT PSYCHOL,1.657
J CULT ECON-UK,0.800
J CURRICULUM STUD,1.079
J DATABASE MANAGE,0.462
J DEAF STUD DEAF EDU,1.783
J DESTIN MARK MANAGE,1.556
J DEV BEHAV PEDIATR,2.393
J DIVERS HIGH EDUC,1.029
J DOC,0.853
J DRUG ISSUES,1.161
J EARLY ADOLESCENCE,1.629
J ECON,1.304
J ECON BEHAV ORGAN,1.323
J ECON DYN CONTROL,1
J ECON EDUC,0.486
J ECON ISSUES,0.581
J ECON LIT,5.220
J ECON LIT,5.22
J ECON MANAGE STRAT,0.912
J ECON PERSPECT,5.727
J ECON PSYCHOL,1.275
J ECON THEORY,1.147
J ECONOMETRICS,1.633
J EDUC COMPUT RES,0.678
J EDUC MEAS,0.979
J EDUC PSYCHOL,3.459
J EDUC RES,1.197
J ELECTRON COMMER RE,1.386
J EMPLOYMENT COUNS,1.067
J ENG DESIGN,1.459
J ENG EDUC,3.047
J ENG TECHNOL MANAGE,2.419
J ENVIRON ECON MANAG,2.305
J ENVIRON EDUC,1.621
J ENVIRON MANAGE,4.010
J ENVIRON PSYCHOL,3.494
J EPIDEMIOL COMMUN H,3.608
J EXP ANAL BEHAV,1.634
J EXP CHILD PSYCHOL,2.602
J EXP CRIMINOL,2.17
J EXP EDUC,1.588
J EXP PSYCHOL GEN,4.420
J EXP PSYCHOL GEN,4.42
J EXP PSYCHOL HUMAN,2.287
J EXP PSYCHOL LEARN,2.667
J EXP PSYCHOL-APPL,2.156
J EXP SOC PSYCHOL,2.159
J FAC ENG ARCHIT GAZ,0.380
J FAM PSYCHOL,1.742
J FAM THEOR REV,1.568
J FAM THER,1.186
J FAM VIOLENCE,0.871
J FINANC,6.043
J FINANC ECON,4.505
J FINANC MARK,1.134
J FLUENCY DISORD,2.714
J FOOD ENG,3.099
J GAMBL STUD,2.173
J GEN INTERN MED,3.701
J GEN PSYCHOL,0.872
J GENET PSYCHOL,0.452
J GEOCHEM EXPLOR,2.464
J GEOGR HIGHER EDUC,0.529
J GERONTOL B-PSYCHOL,3.064
J GLOB INF MANAG,0.517
J GLOB INF TECH MAN,1.167
J HAPPINESS STUD,2.327
J HEAD TRAUMA REHAB,3.214
J HEALTH CARE POOR U,0.916
J HEALTH COMMUN,1.614
J HEALTH ECON,2.373
J HEALTH PSYCHOL,2.182
J HEALTH SOC BEHAV,3
J HEALTHC MANAG,0.864
J HIGH EDUC,1.883
J HOMEL SECUR EMERG,0.474
J HOMOSEXUAL,1.369
J HOSP LEIS SPORT TO,0.206
J HOSP TOUR RES,2.646
J HUM EVOL,3.932
J HUM RESOUR,4.047
J HUMANIST PSYCHOL,0.689
J HYDROL,3.483
J IMMIGR MINOR HEALT,1.314
J IND ECON,0.963
J INDIVID DIFFER,1.123
J INF SCI,1.372
J INF SCI ENG,0.468
J INF TECHNOL,6.953
J INFECT PUBLIC HEAL,1.439
J INFORMETR,2.92
J INT BUS STUD,5.869
J INT DEV,0.786
J INT MANAG,2.600
J INT MARKETING,3.725
J INT PHON ASSOC,0.595
J INTELL DISABIL RES,1.99
J INTELL FUZZY SYST,1.261
J INTELL INF SYST,1.294
J INTELL MANUF,3.035
J INTERACT MARK,5.026
J INTERNET TECHNOL,1.930
J INTERPERS VIOLENCE,1.940
J INTERPERS VIOLENCE,1.94
J KNOWL MANAG,2.053
J KOREA TRADE,0.447
J KOREAN ACAD NURS,0.521
J LABOR ECON,2.887
J LANG SOC PSYCHOL,1.272
J LEADERSH ORG STUD,1.242
J LEARN DISABIL-US,1.494
J LEARN SCI,2.297
J LEGAL STUD,1.770
J LEGAL STUD,1.77
J LEISURE RES,0.851
J LIBR INF SCI,1.019
J LIT RES,1.107
J LOSS TRAUMA,0.744
J MACH LEARN RES,5
J MANAGE,7.733
J MANAGE ENG,2.011
J MANAGE INFORM SYST,2.356
J MANAGE INQUIRY,1.200
J MANAGE ORGAN,0.539
J MANAGE PSYCHOL,1.195
J MANAGE STUD,3.962
J MAR SCI TECH-TAIW,0.305
J MARKETING,5.318
J MARKETING RES,3.654
J MARRIAGE FAM,2.238
J MASS COMMUN Q,1.301
J MED INTERNET RES,5.175
J MED LIBR ASSOC,1.638
J MED SYST,2.456
J MEDIA ECON,0.217
J MEDIA PSYCHOL-GER,1.057
J MEM LANG,3.065
J MENT HEALTH,1.941
J MIX METHOD RES,1.6
J MONETARY ECON,2.11
J MORAL EDUC,0.644
J NERV MENT DIS,1.860
J NERV MENT DIS,1.86
J NETW COMPUT APPL,3.500
J NEUROSCI PSYCHOL E,1.188
J NONVERBAL BEHAV,1.588
J NURS ADMIN,1.386
J NURS EDUC,0.957
J NURS RES,0.944
J NURS SCHOLARSHIP,2.396
J OCCUP HEALTH PSYCH,2.679
J OCCUP ORGAN PSYCH,3.139
J OFF STAT,0.411
J OPER MANAG,5.207
J OPER RES SOC,1.077
J ORG COMP ELECT COM,0.579
J ORGAN BEHAV,3.607
J ORGAN CHANGE MANAG,0.761
J ORGAN END USER COM,0.759
J PEDIATR NURS,1.158
J PEDIATR PSYCHOL,2.444
J PERS,3.590
J PERS,3.59
J PERS ASSESS,2.024
J PERS DISORD,3.158
J PERS PSYCHOL,1.098
J PERS SOC PSYCHOL,5.017
J PHONETICS,1.352
J PHYS ACT HEALTH,1.797
J POLICY MODEL,0.993
J POLIT,1.938
J POLIT ECON,3.923
J POLITENESS RES-LAN,0.522
J POP CULT,0.103
J POSIT BEHAV INTERV,1.929
J POSIT PSYCHOL,2.327
J PRAGMATICS,0.918
J PRIM PREV,1.597
J PROD INNOVAT MANAG,3.759
J PSYCHIATR RES,4.183
J PSYCHOEDUC ASSESS,1.034
J PSYCHOL,1.642
J PSYCHOL COUNS SCH,0.118
J PSYCHOLINGUIST RES,0.66
J PSYCHOPATHOL BEHAV,1.905
J PSYCHOPHYSIOL,0.683
J PSYCHOSOM RES,2.809
J PUBL ADM RES THEOR,3.624
J PUBLIC ECON,1.538
J PUBLIC HEALTH-UK,2.125
J PUBLIC POLICY MARK,1.786
J PUBLIC RELAT RES,1.720
J PUBLIC RELAT RES,1.72
J PURCH SUPPLY MANAG,3.240
J R STAT SOC A STAT,1.852
J RATION-EMOT COGN-B,0.696
J REGUL ECON,0.909
J RES ADOLESCENCE,2.288
J RES CRIME DELINQ,2.545
J RES EDUC EFF,1.31
J RES MATH EDUC,1.906
J RES MUSIC EDUC,0.895
J RES PERS,2.417
J RES READ,1.564
J RES SCI TEACH,3.179
J RETAILING,3.772
J RISK RES,1.340
J RISK RES,1.34
J RISK UNCERTAINTY,1.298
J RURAL HEALTH,1.489
J SAFETY RES,1.841
J SCH VIOLENCE,2.421
J SCHOOL HEALTH,1.749
J SCHOOL PSYCHOL,3.000
J SCHOOL PSYCHOL,3
J SCI EDUC TECHNOL,1.080
J SCI EDUC TECHNOL,1.08
J SECOND LANG WRIT,1.591
J SERV MANAGE,2.897
J SERV MARK,1.811
J SERV RES-US,6.847
J SERV THEOR PRACT,1.098
J SEX MARITAL THER,1.935
J SEX RES,2.902
J SMALL BUS MANAGE,2.876
J SOC CLIN PSYCHOL,1.527
J SOC ISSUES,1.463
J SOC PERS RELAT,1.425
J SOC PSYCHOL,0.844
J SOC SERV RES,0.574
J SOC SOC WORK RES,0.688
J SOCIOL,0.841
J SOCIOLING,1.2
J SOFTW-EVOL PROC,1.033
J SPEC EDUC,1.279
J SPORT EXERCISE PSY,2.451
J SPORT MANAGE,1.247
J STAT SOFTW,9.436
J STRATEGIC INF SYST,3.486
J STUD ALCOHOL DRUGS,2.5
J STUD INT EDUC,1.294
J SUBST ABUSE TREAT,2.868
J SUBST USE,0.77
J SUPPLY CHAIN MANAG,5.789
J SUSTAIN TOUR,2.978
J SYST SCI SYST ENG,0.915
J SYST SOFTWARE,2.444
J TEACH EDUC,2.984
J TEACH PHYS EDUC,0.676
J TELEMED TELECARE,2.008
J TEST EVAL,0.547
J THEOR APPL EL COMM,1.441
J THEOR SOC BEHAV,1.304
J TRANSCULT NURS,1.262
J TRAUMA STRESS,2.254
J TRAVEL RES,4.564
J TRAVEL TOUR MARK,1.453
J UNIVERS COMPUT SCI,0.696
J VACAT MARK,1.148
J VOCAT BEHAV,2.555
J WORLD BUS,3.758
J YOUTH ADOLESCENCE,3.284
J YOUTH STUD,1.440
J YOUTH STUD,1.44
JAMA-J AM MED ASSOC,44.405
JASSS-J ARTIF SOC S,0.992
JMIR MHEALTH UHEALTH,4.636
JOURNALISM,1.484
JOURNALISM STUD,1.927
JPN PSYCHOL RES,0.531
JUDGM DECIS MAK,1.604
JUSTICE Q,3.072
KNOWL INF SYST,2.004
KNOWL MAN RES PRACT,1.013
KNOWL-BASED SYST,4.529
KSCE J CIV ENG,0.812
KSII T INTERNET INF,0.452
KYBERNETES,0.811
LAND USE POLICY,3.089
LANDSCAPE URBAN PLAN,4.563
LANG COMMUN,0.793
LANG CULT CURRIC,1.385
LANG EDUC-UK,1.254
LANG LEARN,2.079
LANG LEARN TECHNOL,2.293
LANG SPEECH,1.471
LANG SPEECH HEAR SER,1.193
LANG TEACH RES,1.741
LANG TEST,0.981
LANGUAGE,1.714
LAW HUMAN BEHAV,2.822
LEADERSHIP ORG DEV J,0.864
LEADERSHIP QUART,3.094
LEADERSHIP-LONDON,1.479
LEARN INDIVID DIFFER,1.650
LEARN INDIVID DIFFER,1.65
LEARN INSTR,3.983
LEARN MEDIA TECHNOL,2.035
LEARN MOTIV,0.673
LEGAL CRIMINOL PSYCH,1.822
LEISURE SCI,1.132
LEISURE STUD,1.476
LIBR HI TECH,0.759
LIBR INFORM SCI RES,1.185
LIBR QUART,0.558
LIBR TRENDS,0.259
LIBRI,0.400
LINGUIST EDUC,0.833
LINGUISTICS,0.378
LONG RANGE PLANN,3.547
M&SOM-MANUF SERV OP,1.683
MACH LEARN,1.848
MALAYS J LIBR INF SC,0.650
MANAG SERV QUAL,3.1
MANAGE ACCOUNT RES,3.000
MANAGE COMMUN Q,1.091
MANAGE DECIS,1.396
MANAGE INT REV,1.516
MANAGE LEARN,1.836
MANAGE ORGAN REV,1.714
MANAGE SCI,2.822
MARIT ECON LOGIST,0.939
MARIT POLICY MANAG,1.741
MARKET LETT,1.818
MARKET SCI,2.163
MARKETING THEOR,2.567
MASS COMMUN SOC,1.308
MATERN CHILD HLTH J,1.788
MATH OPER RES,1.157
MATH PROBL ENG,0.802
MATH THINK LEARN,0.962
MEAS EVAL COUNS DEV,1.047
MECHATRONICS,2.496
MED CARE,2.897
MED CARE RES REV,2.189
MEDIA CULT SOC,1.128
MEDIA PSYCHOL,3.125
MEM COGNITION,2.253
MEMORY,2.118
MERRILL PALMER QUART,1.05
METACOGN LEARN,2.419
MIDWIFERY,1.948
MIL PSYCHOL,0.734
MIND CULT ACT,1.114
MINDFULNESS,3.015
MIS Q EXEC,1.741
MIS QUART,7.268
MIT SLOAN MANAGE REV,2.705
MOB INF SYST,0.849
MOBILITIES-UK,2.043
MOD LANG J,1.745
MONOGR SOC RES CHILD,2.204
MOTIV EMOTION,2.067
MULTIMED TOOLS APPL,1.530
MULTIVAR BEHAV RES,2.593
NAT NEUROSCI,17.839
NATURE,40.137
NEBR SYM MOTIV,0.6
NETW SPAT ECON,2.662
NEURAL NETWORKS,5.287
NEUROCOMPUTING,3.317
NEUROIMAGE,5.835
NEUROPSYCHOL REV,6.352
NEUROPSYCHOLOGIA,3.197
NEUROPSYCHOLOGY,3.286
NEUROREHABILITATION,1.495
NEW DIR CHILD ADOLES,1.102
NEW ENGL J MED,72.406
NEW IDEAS PSYCHOL,1.723
NEW MEDIA SOC,4.180
NEW MEDIA SOC,4.18
NEW REV HYPERMEDIA M,0.758
NEW TECH WORK EMPLOY,1.000
NEW TECH WORK EMPLOY,1
NICOTINE TOB RES,4.609
NONPROF VOLUNT SEC Q,1.852
NONPROFIT MANAG LEAD,1.236
NORD J PSYCHIAT,1.406
NORD PSYCHOL,0.316
NORD STUD ALCOHOL DR,0.746
NURS EDUC,1.372
NURS EDUC TODAY,2.533
NURS ETHICS,1.755
NURS HEALTH SCI,1.17
NURS INQ,1.143
NURS RES,1.929
OCEAN COAST MANAGE,1.861
OMEGA-INT J MANAGE S,4.029
OMEGA-J DEATH DYING,0.676
ONCOL NURS FORUM,1.763
ONLINE INFORM REV,1.534
OPER RES,1.779
ORGAN BEHAV HUM DEC,2.454
ORGAN DYN,0.93
ORGAN RES METHODS,4.783
ORGAN SCI,2.691
ORGAN STUD,3.107
ORGANIZATION,2.121
OXFORD ECON PAP,0.76
P NATL ACAD SCI USA,9.661
PATIENT EDUC COUNS,2.429
PATIENT PREFER ADHER,1.798
PATTERN RECOGN LETT,1.995
PEDIATRICS,5.705
PEER PEER NETW APPL,1.262
PERCEPT MOTOR SKILL,0.626
PERCEPTION,1.087
PERS INDIV DIFFER,2.005
PERS PSYCHOL,4.362
PERS RELATIONSHIP,0.739
PERS REV,1.427
PERS SOC PSYCHOL B,2.504
PERS SOC PSYCHOL REV,9.361
PERS UBIQUIT COMPUT,2.395
PERSPECT PSYCHIATR C,1.130
PERSPECT PSYCHOL SCI,7.359
PERVASIVE MOB COMPUT,2.349
PHI DELTA KAPPAN,0.23
PHILOS PSYCHOL,1.029
PHONETICA,0.458
PHYS REV E,2.366
PHYSIOL BEHAV,2.341
PLOS ONE,2.806
POETICS,1.080
POETICS,1.08
POLAR-POLIT LEG ANTH,0.605
POLICY SCI,1.750
POLIT ANAL,3.361
POLIT BEHAV,2.138
POLIT COMMUN,2.467
POLIT PSYCHOL,2.76
POLIT RES QUART,1.053
POLIT STUD-LONDON,1.200
PORTA LINGUARUM,0.426
PORTAL-LIBR ACAD,1.29
PORTAL-LIBR ACAD,1.290
PRAGUE ECON PAP,0.710
PRAX KINDERPSYCHOL K,0.235
PRESENCE-TELEOP VIRT,0.75
PREV SCI,2.570
PREV SCI,2.57
PROBL EKOROZW,0.688
PROD OPER MANAG,1.850
PROD OPER MANAG,1.85
PROD PLAN CONTROL,2.369
PROF INFORM,1.063
PROF PSYCHOL-RES PR,1.209
PROG COMM HLTH PARTN,0.517
PROGRAM-ELECTRON LIB,0.556
PROJ MANAG J,2.714
PSICOTHEMA,1.344
PSIKHOL ZH,0.178
PSYCHIAT CLIN N AM,2.172
PSYCHIAT INVEST,1.406
PSYCHIAT PRAX,1.302
PSYCHIAT QUART,1.449
PSYCHIAT RES,2.528
PSYCHIAT SERV,2.888
PSYCHIATR REHABIL J,1.037
PSYCHIATRY,2.397
PSYCHOL ADDICT BEHAV,2.543
PSYCHOL AESTHET CREA,1.860
PSYCHOL AESTHET CREA,1.86
PSYCHOL AGING,2.812
PSYCHOL ASSESSMENT,3.307
PSYCHOL BELG,0.806
PSYCHOL BULL,16.793
PSYCHOL CRIME LAW,1.408
PSYCHOL FR,0.458
PSYCHOL HEALTH,2.225
PSYCHOL HEALTH MED,1.5
PSYCHOL INQ,16.455
PSYCHOL LEARN MOTIV,2.821
PSYCHOL MARKET,2.000
PSYCHOL MARKET,2
PSYCHOL MED,5.23
PSYCHOL MEN MASCULIN,1.957
PSYCHOL METHODS,4.667
PSYCHOL MUSIC,1.394
PSYCHOL PUBLIC POL L,1.915
PSYCHOL REC,0.702
PSYCHOL REP,0.629
PSYCHOL RES-PSYCH FO,3.119
PSYCHOL REV,7.638
PSYCHOL RUNDSCH,1.154
PSYCHOL SCHOOLS,1.190
PSYCHOL SCHOOLS,1.19
PSYCHOL SCI,5.667
PSYCHOL SCI PUBL INT,14.143
PSYCHOL SERV,1.544
PSYCHOL SPORT EXERC,2.809
PSYCHOL VIOLENCE,2.192
PSYCHOL WOMEN QUART,2.432
PSYCHOLOGIA,0.171
PSYCHOLOGIST,0.42
PSYCHOMETRIKA,2.111
PSYCHON B REV,2.921
PSYCHO-ONCOLOGY,3.095
PSYCHOPATHOLOGY,1.604
PSYCHOPHYSIOLOGY,2.668
PSYCHOSOM MED,3.863
PSYCHOSOMATICS,1.436
PSYCHOTHER PSYCH MED,0.869
PSYCHOTHER PSYCHOSOM,8.964
PSYCHOTHER RES,2.556
PSYCHOTHERAPY,2.573
PUBLIC ADMIN REV,3.473
PUBLIC CHOICE,0.788
PUBLIC HEALTH,1.538
PUBLIC HEALTH REP,1.867
PUBLIC MANAG REV,2.293
PUBLIC MONEY MANAGE,1.133
PUBLIC OPIN QUART,1.386
PUBLIC RELAT REV,1.311
PUBLIC UNDERST SCI,2.552
Q J ECON,6.662
Q J EXP PSYCHOL,2.129
Q J SPEECH,0.46
QME-QUANT MARK ECON,1.333
QUAL HEALTH RES,2.036
QUAL INQ,1.159
QUAL LIFE RES,2.344
QUAL MANAG HEALTH CA,0.723
QUAL QUANT,1.094
QUAL RELIAB ENG INT,1.366
QUAL RES,2.012
QUAL RES PSYCHOL,1.481
R&D MANAGE,2.444
RAE-REV ADMIN EMPRES,0.408
RAND J ECON,1.465
RATION SOC,0.486
RBGN-REV BRAS GEST N,0.153
READ RES QUART,1.596
READ TEACH,0.69
READ WRIT,1.489
READ WRIT Q,1.061
RECALL,2.333
REF USER SERV Q,0.339
REM SPEC EDUC,1.63
RENEW SUST ENERG REV,8.050
REPROD HEALTH MATTER,0.94
REQUIR ENG,2.381
RES AGING,1.214
RES AUTISM SPECT DIS,1.500
RES AUTISM SPECT DIS,1.5
RES DEV DISABIL,1.63
RES DEV DISABIL,1.630
RES HIGH EDUC,1.5
RES LANG SOC INTERAC,1.896
RES NURS HEALTH,1.693
RES ORGAN BEHAV,2.55
RES ORGAN BEHAV,2.550
RES POLICY,4.495
RES Q EXERCISE SPORT,1.815
RES SCI EDUC,1.329
RES SOC ADMIN PHARM,2.403
RES SOCIAL WORK PRAC,1.586
RES SYNTH METHODS,3.018
RES TECHNOL MANAGE,2.429
RES THEOR NURS PRACT,0.432
RESOUR CONSERV RECY,3.313
REV CERCET INTERV SO,0.380
REV ECON STAT,2.926
REV ECON STUD,4.03
REV EDUC,1.185
REV EDUC RES,5.263
REV GEN PSYCHOL,1.492
REV HIGH EDUC,1.028
REV IBEROAM DIAGN EV,0.146
REV IND ORGAN,0.65
REV LAT AM PSICOL,0.717
REV MANAG SCI,1.226
REV NETW ECON,0.5
REV PSICOL SOC,0.364
REV PUBLIC PERS ADM,1.474
REV RES EDUC,1.727
REV WORLD ECON,0.967
RISK ANAL,2.518
RISK MANAG-UK,0.519
RURAL REMOTE HEALTH,0.853
S AFR J BUS MANAG,0.246
S AFR J ECON MANAG S,0.261
S AFR J IND ENG,0.576
S AFR J PSYCHOL,0.619
SAFETY SCI,2.246
SCAND J EDUC RES,0.768
SCAND J OCCUP THER,1.114
SCAND J PSYCHOL,1.284
SCAND J PUBLIC HEALT,1.339
SCH MENT HEALTH,1.689
SCHIZOPHR RES,3.986
SCHOOL PSYCHOL INT,1.012
SCHOOL PSYCHOL QUART,3.256
SCHOOL PSYCHOL REV,1.064
SCI AM,1.316
SCI COMMUN,1.852
SCI COMPUT PROGRAM,1.064
SCI CULT-UK,0.771
SCI EDUC,2.506
SCI ENG ETHICS,2.229
SCI PUBL POLICY,1.538
SCI STUD READ,3.056
SCI TECHNOL HUM VAL,2.907
SCI TECHNOL SOC,1.297
SCIENCE,37.205
SCIENTOMETRICS,2.147
SECUR J,0.978
SELF IDENTITY,1.463
SENSORS-BASEL,2.677
SERV BUS,1.812
SERV IND J,1.172
SERV SCI,1.158
SEX HEALTH,1.238
SEX RELATSH THER,1.188
SEX RES SOC POLICY,1.547
SEX ROLES,1.954
SEXUALITIES,0.922
SIMUL-T SOC MOD SIM,0.720
SMALL GR RES,1.440
SMALL GR RES,1.44
SOC BEHAV PERSONAL,0.548
SOC COGN AFFECT NEUR,3.937
SOC COGNITION,1.813
SOC DEV,2.305
SOC FORCES,2.113
SOC INDIC RES,1.743
SOC INFLUENCE,1
SOC JUSTICE RES,0.796
SOC NATUR RESOUR,1.534
SOC NETWORKS,2.462
SOC PROBL,1.684
SOC PSYCH PSYCH EPID,2.922
SOC PSYCHOL EDUC,1.139
SOC PSYCHOL PERS SCI,1.883
SOC PSYCHOL QUART,1.897
SOC PSYCHOL-GERMANY,2.602
SOC SCI COMPUT REV,2.293
SOC SCI INFORM,0.490
SOC SCI INFORM,0.49
SOC SCI J,0.715
SOC SCI MED,2.797
SOC SCI QUART,0.849
SOC SCI RES,1.327
SOC SEMIOT,0.484
SOC STUD SCI,2.256
SOC WORK,2.081
SOCIOL EDUC,2.697
SOCIOL HEALTH ILL,1.89
SOCIOL INQ,0.68
SOCIOL METHOD RES,3.604
SOCIOL METHODOL,2.667
SOCIOL PERSPECT,1.133
SOCIOL QUART,1.237
SOCIOL SPECTRUM,0.421
SOCIOL THEOR,1.545
SOCIOLOGY,1.963
SOFTW SYST MODEL,1.654
SOFTWARE PRACT EXPER,1.609
SOFTWARE QUAL J,1.816
SOTSIOL ISSLED+,0.246
SPAN J AGRIC RES,0.687
SPAN J FINANC ACCOUN,0.550
SPAN J PSYCHOL,0.502
SPAT COGN COMPUT,1.167
SPORT MANAG REV,2.128
SPORT PSYCHOL,1.222
SPRINGERPLUS,1.130
STATA J,1.092
STRATEG ENTREP J,2.537
STRATEG ORGAN,1.941
STRATEGIC MANAGE J,4.461
STRESS HEALTH,2.114
STRUCT EQU MODELING,3.097
STUD CONFL TERROR,1.071
STUD CONTIN EDUC,1
STUD EDUC EVAL,0.717
STUD FAMILY PLANN,2.358
STUD HIGH EDUC,1.527
STUD PSYCHOL,0.511
STUD SECOND LANG ACQ,2.044
SUBST ABUS,2.655
SUBST USE MISUSE,1.234
SUICIDE LIFE-THREAT,3.252
SUPPLY CHAIN MANAG,4.072
SUPPORT CARE CANCER,2.698
SURV METHODOL,0.512
SURV RES METHODS-GER,0.452
SUSTAINABILITY-BASEL,1.789
SWISS J PSYCHOL,0.489
SYNTHESE,0.855
SYST PRACT ACT RES,0.677
SYST RES BEHAV SCI,1.034
SYSTEM,1.400
SYSTEM,1.4
T FAMENA,0.500
TEACH COLL REC,1.134
TEACH HIGH EDUC,0.814
TEACH PSYCHOL,0.505
TEACH TEACH EDUC,2.183
TECH COMMUN-STC,2.100
TECH COMMUN-STC,2.1
TECHNOL ANAL STRATEG,1.273
TECHNOL ECON DEV ECO,2.628
TECHNOL FORECAST SOC,2.625
TECHNOL HEALTH CARE,0.724
TECHNOL PEDAGOG EDUC,1.066
TECHNOVATION,3.265
TEH VJESN,0.723
TELECOMMUN POLICY,1.526
TELEMAT INFORM,3.398
TELEMED E-HEALTH,2.031
TER PSICOL,0.771
TESOL QUART,2.056
THEOR CULT SOC,1.904
THEOR PRACT,0.929
THEOR PSYCHOL,0.82
THINK REASONING,2.783
THINK SKILLS CREAT,1.589
TIJDSCHR COMMUNWET,0.171
TIME SOC,1.206
TOB CONTROL,5.469
TOP COGN SCI,2
TOTAL QUAL MANAG BUS,1.368
TOURISM MANAGE,4.707
TRAMES-J HUMANIT SOC,0.2
TRANSFORM BUS ECON,0.556
TRANSINFORMACAO,0.352
TRANSL BEHAV MED,2.989
TRANSPORT J,0.897
TRANSPORT PLAN TECHN,0.474
TRANSPORT POLICY,2.269
TRANSPORT RES A-POL,2.609
TRANSPORT RES C-EMER,3.805
TRANSPORT RES D-TR E,2.341
TRANSPORT RES E-LOG,2.974
TRANSPORT RES F-TRAF,1.830
TRANSPORT RES F-TRAF,1.83
TRANSPORT RES REC,0.592
TRANSPORTATION,2.633
TRAUMA VIOLENCE ABUS,3.542
TRAV HUMAIN,0.697
TRENDS COGN SCI,15.402
TURK PSIKIYATR DERG,0.522
TURK PSIKOL DERG,0.077
TYDSKR GEESTESWET,0.233
UNIVERSAL ACCESS INF,1.219
VA LAW REV,2.589
VERHALTENSTHERAPIE,0.878
VIOLENCE AGAINST WOM,1.423
VIOLENCE VICTIMS,0.750
VIOLENCE VICTIMS,0.75
VISUAL COMMUN-US,0.689
VOCAT LEARN,1.324
VOLUNTAS,1.098
WASH LAW REV,1.466
WESTERN J NURS RES,1.313
WIRELESS PERS COMMUN,0.951
WORK,0.779
WORK EMPLOY SOC,1.821
WORK STRESS,3.400
WORK STRESS,3.4
WORLD PSYCHIATRY,26.561
WRIT COMMUN,1.2
YALE LAW J,4.258
YOUNG,0.707
YOUTH SOC,1.608
YOUTH VIOLENCE JUV J,2.372
Z KL PSYCH PSYCHOTH,0.364
Z PADAGOG PSYCHOL,0.722
Z PSYCHOL,1.83
Z PSYCHOSOM MED PSYC,0.769
ZDRAV VARST,0.429